{
  "n_samples": 286,
  "n_predictions": 286,
  "score_min": 1.024474584512456e-06,
  "score_median": 0.043398799682959344,
  "score_max": 1.0,
  "unique_score_count": 285,
  "classification_counts": {
    "lower_fragmentome_score": 207,
    "elevated_fragmentome_score": 79
  },
  "evaluation_warning": "These metrics are computed on the supplied prediction file. If this is the same cohort used for training, ROC/PR curves are resubstitution-style diagnostics and can be strongly optimistic.",
  "class_counts": {
    "0": 200,
    "1": 86
  },
  "confusion_matrix": {
    "tp": 77,
    "tn": 198,
    "fp": 2,
    "fn": 9
  },
  "sensitivity": 0.8953488372093024,
  "specificity": 0.99,
  "roc_auc": 0.9945348837209302,
  "pr_auc": 0.9898413794451626,
  "model_metrics": {
    "logistic_l2": {
      "roc_auc": 0.9214583333333333,
      "pr_auc": 0.8283582124787169,
      "fixed_specificity": {
        "0.95": {
          "threshold": 0.7537737548433171,
          "sensitivity": 0.59375
        },
        "0.98": {
          "threshold": 0.8998538715797633,
          "sensitivity": 0.5
        },
        "0.99": {
          "threshold": 0.9212380578285293,
          "sensitivity": 0.484375
        }
      },
      "evaluation_scope": "cross_validated_training_partition",
      "heldout_test": {
        "roc_auc": 0.9345454545454546,
        "pr_auc": 0.8869037564030664,
        "tp": 13,
        "tn": 48,
        "fp": 2,
        "fn": 9,
        "sensitivity": 0.5909090909090909,
        "specificity": 0.96
      }
    },
    "random_forest": {
      "roc_auc": 0.8524479166666666,
      "pr_auc": 0.6494829436411521,
      "fixed_specificity": {
        "0.95": {
          "threshold": 0.8459999999999996,
          "sensitivity": 0.25
        },
        "0.98": {
          "threshold": 0.9502,
          "sensitivity": 0.0625
        },
        "0.99": {
          "threshold": 0.9676499999999998,
          "sensitivity": 0.03125
        }
      },
      "evaluation_scope": "cross_validated_training_partition"
    },
    "gradient_boosting": {
      "roc_auc": 0.8976562499999999,
      "pr_auc": 0.762359143468513,
      "fixed_specificity": {
        "0.95": {
          "threshold": 0.9875845708282768,
          "sensitivity": 0.40625
        },
        "0.98": {
          "threshold": 0.9973829516004991,
          "sensitivity": 0.265625
        },
        "0.99": {
          "threshold": 0.9987909009196788,
          "sensitivity": 0.203125
        }
      },
      "evaluation_scope": "cross_validated_training_partition"
    }
  },
  "model_metadata": {
    "model_name": "logistic_l2",
    "model_version": "0.1.0",
    "analysis_language": "research use only",
    "input_feature_count": 230525,
    "max_features": 5000,
    "class_counts": {
      "0": 200,
      "1": 86
    },
    "train_class_counts": {
      "0": 150,
      "1": 64
    },
    "test_class_counts": {
      "0": 50,
      "1": 22
    },
    "test_size": 0.25,
    "random_state": 7,
    "split_id_column": "sample_id",
    "split_order": "sample_id_sorted",
    "train_sample_ids": [
      "EE88191",
      "EE88184",
      "EE85787",
      "EE88214",
      "EE88083",
      "EE87954",
      "EE87922",
      "EE88199",
      "EE88259",
      "EE88054",
      "EE88094",
      "EE87942",
      "EE88016",
      "EE88218",
      "EE85861",
      "EE88082",
      "EE87948",
      "EE88203",
      "EE88074",
      "EE88233",
      "EE87939",
      "EE87937",
      "EE88261",
      "EE88014",
      "EE88058",
      "EE87994",
      "EE87955",
      "EE88246",
      "EE86264",
      "EE85795",
      "EE87990",
      "EE87969",
      "EE88072",
      "EE87940",
      "EE86276",
      "EE88089",
      "EE88248",
      "EE88064",
      "EE85936",
      "EE88013",
      "EE88077",
      "EE85770",
      "EE85928",
      "EE88210",
      "EE88061",
      "EE88235",
      "EE88247",
      "EE88022",
      "EE85980",
      "EE88068",
      "EE87972",
      "EE85971",
      "EE88008",
      "EE88241",
      "EE87964",
      "EE85988",
      "EE85854",
      "EE88253",
      "EE88190",
      "EE88200",
      "EE88231",
      "EE87981",
      "EE88206",
      "EE85959",
      "EE88186",
      "EE87970",
      "EE88255",
      "EE87950",
      "EE88024",
      "EE88095",
      "EE88221",
      "EE88239",
      "EE88250",
      "EE88038",
      "EE88207",
      "EE87979",
      "EE88242",
      "EE87949",
      "EE87943",
      "EE88069",
      "EE87975",
      "EE88096",
      "EE88023",
      "EE88001",
      "EE87991",
      "EE88043",
      "EE88012",
      "EE88213",
      "EE88053",
      "EE87925",
      "EE87947",
      "EE88036",
      "EE88048",
      "EE87998",
      "EE87996",
      "EE88073",
      "EE87966",
      "EE88010",
      "EE87976",
      "EE88193",
      "EE88195",
      "EE88205",
      "EE88057",
      "EE85908",
      "EE86245",
      "EE85937",
      "EE88027",
      "EE87928",
      "EE88229",
      "EE88189",
      "EE88092",
      "EE87941",
      "EE88080",
      "EE88025",
      "EE88042",
      "EE85898",
      "EE88091",
      "EE85987",
      "EE88052",
      "EE88017",
      "EE88065",
      "EE87993",
      "EE88227",
      "EE87931",
      "EE88033",
      "EE88041",
      "EE88007",
      "EE86230",
      "EE86233",
      "EE87967",
      "EE88084",
      "EE88236",
      "EE87933",
      "EE85904",
      "EE88060",
      "EE87989",
      "EE88196",
      "EE88004",
      "EE88243",
      "EE88240",
      "EE88021",
      "EE85775",
      "EE88217",
      "EE88018",
      "EE85905",
      "EE88002",
      "EE88244",
      "EE88249",
      "EE85878",
      "EE87997",
      "EE88034",
      "EE88220",
      "EE88006",
      "EE88055",
      "EE87944",
      "EE87952",
      "EE88015",
      "EE87971",
      "EE88230",
      "EE88252",
      "EE88051",
      "EE88256",
      "EE87960",
      "EE88238",
      "EE88031",
      "EE88251",
      "EE88039",
      "EE87986",
      "EE88188",
      "EE88059",
      "EE88194",
      "EE88047",
      "EE87938",
      "EE87956",
      "EE88254",
      "EE88063",
      "EE88215",
      "EE87929",
      "EE88209",
      "EE87936",
      "EE85830",
      "EE88257",
      "EE87985",
      "EE87968",
      "EE88211",
      "EE88019",
      "EE87963",
      "EE88088",
      "EE87988",
      "EE88078",
      "EE88032",
      "EE87974",
      "EE88000",
      "EE88050",
      "EE85816",
      "EE88260",
      "EE87992",
      "EE88049",
      "EE86229",
      "EE87953",
      "EE87935",
      "EE85970",
      "EE88079",
      "EE85860",
      "EE88202",
      "EE86251",
      "EE88009",
      "EE88198",
      "EE88201",
      "EE87926",
      "EE87982",
      "EE85985",
      "EE88040",
      "EE88026"
    ],
    "test_sample_ids": [
      "EE88237",
      "EE87962",
      "EE88216",
      "EE88071",
      "EE88208",
      "EE85756",
      "EE88037",
      "EE88020",
      "EE88228",
      "EE88185",
      "EE88187",
      "EE88090",
      "EE87927",
      "EE88035",
      "EE87958",
      "EE88005",
      "EE87995",
      "EE85941",
      "EE87946",
      "EE88062",
      "EE85784",
      "EE88197",
      "EE85757",
      "EE88075",
      "EE87984",
      "EE88093",
      "EE88070",
      "EE87978",
      "EE85842",
      "EE87945",
      "EE87961",
      "EE87973",
      "EE88067",
      "EE88224",
      "EE88086",
      "EE88219",
      "EE88066",
      "EE88003",
      "EE87923",
      "EE87924",
      "EE88225",
      "EE88183",
      "EE88232",
      "EE87980",
      "EE88212",
      "EE88044",
      "EE88223",
      "EE88085",
      "EE86254",
      "EE88028",
      "EE88245",
      "EE88234",
      "EE85791",
      "EE88226",
      "EE87959",
      "EE88030",
      "EE88029",
      "EE87965",
      "EE88258",
      "EE87957",
      "EE87934",
      "EE88011",
      "EE88045",
      "EE88222",
      "EE87983",
      "EE85963",
      "EE88081",
      "EE87932",
      "EE88204",
      "EE85918",
      "EE87951",
      "EE88192"
    ],